custom_id,success,info
celebrity-0001,True,ok
celebrity-0002,True,ok
celebrity-0003,True,ok
celebrity-0004,True,ok
celebrity-0005,True,ok
celebrity-0006,True,ok
celebrity-0007,True,ok
celebrity-0008,True,ok
celebrity-0009,True,ok
celebrity-0010,True,ok
celebrity-0011,True,ok
celebrity-0012,True,ok
celebrity-0013,True,ok
celebrity-0014,True,ok
celebrity-0015,True,ok
celebrity-0016,True,ok
celebrity-0017,True,ok
celebrity-0018,True,ok
celebrity-0019,True,ok
celebrity-0020,True,ok
celebrity-0021,True,ok
celebrity-0022,True,ok
celebrity-0023,True,ok
celebrity-0024,True,ok
celebrity-0025,True,ok
celebrity-0026,True,ok
celebrity-0027,True,ok
celebrity-0028,True,ok
celebrity-0029,True,ok
celebrity-0030,True,ok
celebrity-0031,True,ok
celebrity-0032,True,ok
celebrity-0033,True,ok
celebrity-0034,True,ok
celebrity-0035,True,ok
celebrity-0036,True,ok
celebrity-0037,True,ok
celebrity-0038,True,ok
celebrity-0039,True,ok
celebrity-0040,True,ok
celebrity-0041,True,ok
celebrity-0042,True,ok
celebrity-0043,True,ok
celebrity-0044,True,ok
celebrity-0045,True,ok
celebrity-0046,True,ok
celebrity-0047,True,ok
celebrity-0048,True,ok
celebrity-0049,True,ok
celebrity-0050,True,ok
celebrity-0051,True,ok
celebrity-0052,True,ok
celebrity-0053,True,ok
celebrity-0054,True,ok
celebrity-0055,True,ok
celebrity-0056,True,ok
celebrity-0057,True,ok
celebrity-0058,True,ok
celebrity-0059,True,ok
celebrity-0060,True,ok
celebrity-0061,True,ok
celebrity-0062,True,ok
celebrity-0063,True,ok
celebrity-0064,True,ok
celebrity-0065,True,ok
celebrity-0066,True,ok
celebrity-0067,True,ok
celebrity-0068,True,ok
celebrity-0069,True,ok
celebrity-0070,True,ok
celebrity-0071,True,ok
celebrity-0072,True,ok
celebrity-0073,True,ok
celebrity-0074,True,ok
celebrity-0075,True,ok
celebrity-0076,True,ok
celebrity-0077,True,ok
celebrity-0078,True,ok
celebrity-0079,True,ok
celebrity-0080,True,ok
celebrity-0081,True,ok
celebrity-0082,True,ok
celebrity-0083,True,ok
celebrity-0084,True,ok
celebrity-0085,True,ok
celebrity-0086,True,ok
celebrity-0087,True,ok
celebrity-0088,True,ok
celebrity-0089,True,ok
celebrity-0090,True,ok
celebrity-0091,True,ok
celebrity-0092,True,ok
celebrity-0093,True,ok
celebrity-0094,True,ok
celebrity-0095,True,ok
celebrity-0096,True,ok
celebrity-0097,True,ok
celebrity-0098,True,ok
celebrity-0099,True,ok
celebrity-0100,True,ok
celebrity-0101,True,ok
celebrity-0102,True,ok
celebrity-0103,True,ok
celebrity-0104,True,ok
celebrity-0105,True,ok
celebrity-0106,True,ok
celebrity-0107,True,ok
celebrity-0108,True,ok
celebrity-0109,True,ok
celebrity-0110,True,ok
celebrity-0111,True,ok
celebrity-0112,True,ok
celebrity-0113,True,ok
celebrity-0114,True,ok
celebrity-0115,True,ok
celebrity-0116,True,ok
celebrity-0117,True,ok
celebrity-0118,True,ok
celebrity-0119,True,ok
celebrity-0120,True,ok
celebrity-0121,True,ok
celebrity-0122,True,ok
celebrity-0123,True,ok
celebrity-0124,True,ok
celebrity-0125,True,ok
celebrity-0126,True,ok
celebrity-0127,True,ok
celebrity-0128,True,ok
celebrity-0129,True,ok
celebrity-0130,True,ok
celebrity-0131,True,ok
celebrity-0132,True,ok
celebrity-0133,True,ok
celebrity-0134,True,ok
celebrity-0135,True,ok
celebrity-0136,True,ok
celebrity-0137,True,ok
celebrity-0138,True,ok
celebrity-0139,True,ok
celebrity-0140,True,ok
celebrity-0141,True,ok
celebrity-0142,True,ok
celebrity-0143,True,ok
celebrity-0144,True,ok
celebrity-0145,True,ok
celebrity-0146,True,ok
celebrity-0147,True,ok
celebrity-0148,True,ok
celebrity-0149,True,ok
celebrity-0150,True,ok
celebrity-0151,True,ok
celebrity-0152,True,ok
celebrity-0153,True,ok
celebrity-0154,True,ok
celebrity-0155,True,ok
celebrity-0156,True,ok
celebrity-0157,True,ok
celebrity-0158,True,ok
celebrity-0159,True,ok
celebrity-0160,True,ok
celebrity-0161,True,ok
celebrity-0162,True,ok
celebrity-0163,True,ok
celebrity-0164,True,ok
celebrity-0165,True,ok
celebrity-0166,True,ok
celebrity-0167,True,ok
celebrity-0168,True,ok
celebrity-0169,True,ok
celebrity-0170,True,ok
celebrity-0171,True,ok
celebrity-0172,True,ok
celebrity-0173,True,ok
celebrity-0174,True,ok
celebrity-0175,True,ok
celebrity-0176,True,ok
celebrity-0177,True,ok
celebrity-0178,True,ok
celebrity-0179,True,ok
celebrity-0180,True,ok
celebrity-0181,True,ok
celebrity-0182,True,ok
celebrity-0183,True,ok
celebrity-0184,True,ok
celebrity-0185,True,ok
celebrity-0186,True,ok
celebrity-0187,True,ok
celebrity-0188,True,ok
celebrity-0189,True,ok
celebrity-0190,True,ok
celebrity-0191,True,ok
celebrity-0192,True,ok
celebrity-0193,True,ok
celebrity-0194,True,ok
celebrity-0195,True,ok
celebrity-0196,True,ok
celebrity-0197,True,ok
celebrity-0198,True,ok
celebrity-0199,True,ok
celebrity-0200,True,ok
celebrity-0201,True,ok
celebrity-0202,True,ok
celebrity-0203,True,ok
celebrity-0204,True,ok
celebrity-0205,True,ok
celebrity-0206,True,ok
celebrity-0207,True,ok
celebrity-0208,True,ok
celebrity-0209,True,ok
celebrity-0210,True,ok
celebrity-0211,True,ok
celebrity-0212,True,ok
celebrity-0213,True,ok
celebrity-0214,True,ok
celebrity-0215,True,ok
celebrity-0216,True,ok
celebrity-0217,True,ok
celebrity-0218,True,ok
celebrity-0219,True,ok
celebrity-0220,True,ok
celebrity-0221,True,ok
celebrity-0222,True,ok
celebrity-0223,True,ok
celebrity-0224,True,ok
celebrity-0225,True,ok
celebrity-0226,True,ok
celebrity-0227,True,ok
celebrity-0228,True,ok
celebrity-0229,True,ok
celebrity-0230,True,ok
celebrity-0231,True,ok
celebrity-0232,True,ok
celebrity-0233,True,ok
celebrity-0234,True,ok
celebrity-0235,True,ok
celebrity-0236,True,ok
celebrity-0237,True,ok
celebrity-0238,True,ok
celebrity-0239,True,ok
celebrity-0240,True,ok
celebrity-0241,True,ok
celebrity-0242,True,ok
celebrity-0243,True,ok
celebrity-0244,True,ok
celebrity-0245,True,ok
celebrity-0246,True,ok
celebrity-0247,True,ok
celebrity-0248,True,ok
celebrity-0249,True,ok
celebrity-0250,True,ok
celebrity-0251,True,ok
celebrity-0252,True,ok
celebrity-0253,True,ok
celebrity-0254,True,ok
celebrity-0255,True,ok
celebrity-0256,True,ok
celebrity-0257,True,ok
celebrity-0258,True,ok
celebrity-0259,True,ok
celebrity-0260,True,ok
celebrity-0261,True,ok
celebrity-0262,True,ok
celebrity-0263,True,ok
celebrity-0264,True,ok
celebrity-0265,True,ok
celebrity-0266,True,ok
celebrity-0267,True,ok
celebrity-0268,True,ok
celebrity-0269,True,ok
celebrity-0270,True,ok
celebrity-0271,True,ok
celebrity-0272,True,ok
celebrity-0273,True,ok
celebrity-0274,True,ok
celebrity-0275,True,ok
celebrity-0276,True,ok
celebrity-0277,True,ok
celebrity-0278,True,ok
celebrity-0279,True,ok
celebrity-0280,True,ok
celebrity-0281,True,ok
celebrity-0282,True,ok
celebrity-0283,True,ok
celebrity-0284,True,ok
celebrity-0285,True,ok
celebrity-0286,True,ok
celebrity-0287,True,ok
celebrity-0288,True,ok
celebrity-0289,True,ok
celebrity-0290,True,ok
celebrity-0291,True,ok
celebrity-0292,True,ok
celebrity-0293,True,ok
celebrity-0294,True,ok
celebrity-0295,True,ok
celebrity-0296,True,ok
celebrity-0297,True,ok
celebrity-0298,True,ok
celebrity-0299,True,ok
celebrity-0300,True,ok
celebrity-0301,True,ok
celebrity-0302,True,ok
celebrity-0303,True,ok
celebrity-0304,True,ok
celebrity-0305,True,ok
celebrity-0306,True,ok
celebrity-0307,True,ok
celebrity-0308,True,ok
celebrity-0309,True,ok
celebrity-0310,True,ok
celebrity-0311,True,ok
celebrity-0312,True,ok
celebrity-0313,True,ok
celebrity-0314,True,ok
celebrity-0315,True,ok
celebrity-0316,True,ok
celebrity-0317,True,ok
celebrity-0318,True,ok
celebrity-0319,True,ok
celebrity-0320,True,ok
celebrity-0321,True,ok
celebrity-0322,True,ok
celebrity-0323,True,ok
celebrity-0324,True,ok
celebrity-0325,True,ok
celebrity-0326,True,ok
celebrity-0327,True,ok
celebrity-0328,True,ok
celebrity-0329,True,ok
celebrity-0330,True,ok
celebrity-0331,True,ok
celebrity-0332,True,ok
celebrity-0333,True,ok
celebrity-0334,True,ok
celebrity-0335,True,ok
celebrity-0336,True,ok
celebrity-0337,True,ok
celebrity-0338,True,ok
celebrity-0339,True,ok
celebrity-0340,True,ok
celebrity-0341,True,ok
celebrity-0342,True,ok
celebrity-0343,True,ok
celebrity-0344,True,ok
celebrity-0345,True,ok
celebrity-0346,True,ok
celebrity-0347,True,ok
celebrity-0348,True,ok
celebrity-0349,True,ok
celebrity-0350,True,ok
celebrity-0351,True,ok
celebrity-0352,True,ok
celebrity-0353,True,ok
celebrity-0354,True,ok
celebrity-0355,True,ok
celebrity-0356,True,ok
celebrity-0357,True,ok
celebrity-0358,True,ok
celebrity-0359,True,ok
celebrity-0360,True,ok
celebrity-0361,True,ok
celebrity-0362,True,ok
celebrity-0363,True,ok
celebrity-0364,True,ok
celebrity-0365,True,ok
celebrity-0366,True,ok
celebrity-0367,True,ok
celebrity-0368,True,ok
celebrity-0369,True,ok
celebrity-0370,True,ok
celebrity-0371,True,ok
celebrity-0372,True,ok
celebrity-0373,True,ok
celebrity-0374,True,ok
celebrity-0375,True,ok
celebrity-0376,True,ok
celebrity-0377,True,ok
celebrity-0378,True,ok
celebrity-0379,True,ok
celebrity-0380,True,ok
celebrity-0381,True,ok
celebrity-0382,True,ok
celebrity-0383,True,ok
celebrity-0384,True,ok
celebrity-0385,True,ok
celebrity-0386,True,ok
celebrity-0387,True,ok
celebrity-0388,True,ok
celebrity-0389,True,ok
celebrity-0390,True,ok
celebrity-0391,True,ok
celebrity-0392,True,ok
celebrity-0393,True,ok
celebrity-0394,True,ok
celebrity-0395,True,ok
celebrity-0396,True,ok
celebrity-0397,True,ok
celebrity-0398,True,ok
celebrity-0399,True,ok
celebrity-0400,True,ok
celebrity-0401,True,ok
celebrity-0402,True,ok
celebrity-0403,True,ok
celebrity-0404,True,ok
celebrity-0405,True,ok
celebrity-0406,True,ok
celebrity-0407,True,ok
celebrity-0408,True,ok
celebrity-0409,True,ok
celebrity-0410,True,ok
celebrity-0411,True,ok
celebrity-0412,True,ok
celebrity-0413,True,ok
celebrity-0414,True,ok
celebrity-0415,True,ok
celebrity-0416,True,ok
celebrity-0417,True,ok
celebrity-0418,True,ok
celebrity-0419,True,ok
celebrity-0420,True,ok
celebrity-0421,True,ok
celebrity-0422,True,ok
celebrity-0423,True,ok
celebrity-0424,True,ok
celebrity-0425,True,ok
celebrity-0426,True,ok
celebrity-0427,True,ok
celebrity-0428,True,ok
celebrity-0429,True,ok
celebrity-0430,True,ok
celebrity-0431,True,ok
celebrity-0432,True,ok
celebrity-0433,True,ok
celebrity-0434,True,ok
celebrity-0435,True,ok
celebrity-0436,True,ok
celebrity-0437,True,ok
celebrity-0438,True,ok
celebrity-0439,True,ok
celebrity-0440,True,ok
celebrity-0441,True,ok
celebrity-0442,True,ok
celebrity-0443,True,ok
celebrity-0444,True,ok
celebrity-0445,True,ok
celebrity-0446,True,ok
celebrity-0447,True,ok
celebrity-0448,True,ok
celebrity-0449,True,ok
celebrity-0450,True,ok
celebrity-0451,True,ok
celebrity-0452,True,ok
celebrity-0453,True,ok
celebrity-0454,True,ok
celebrity-0455,True,ok
celebrity-0456,True,ok
celebrity-0457,True,ok
celebrity-0458,True,ok
celebrity-0459,True,ok
celebrity-0460,True,ok
celebrity-0461,True,ok
celebrity-0462,True,ok
celebrity-0463,True,ok
celebrity-0464,True,ok
celebrity-0465,True,ok
celebrity-0466,True,ok
celebrity-0467,True,ok
celebrity-0468,True,ok
celebrity-0469,True,ok
celebrity-0470,True,ok
celebrity-0471,True,ok
celebrity-0472,True,ok
celebrity-0473,True,ok
celebrity-0474,True,ok
celebrity-0475,True,ok
celebrity-0476,True,ok
celebrity-0477,True,ok
celebrity-0478,True,ok
celebrity-0479,True,ok
celebrity-0480,True,ok
celebrity-0481,True,ok
celebrity-0482,True,ok
celebrity-0483,True,ok
celebrity-0484,True,ok
celebrity-0485,True,ok
celebrity-0486,True,ok
celebrity-0487,True,ok
celebrity-0488,True,ok
celebrity-0489,True,ok
celebrity-0490,True,ok
celebrity-0491,True,ok
celebrity-0492,True,ok
celebrity-0493,True,ok
celebrity-0494,True,ok
celebrity-0495,True,ok
celebrity-0496,True,ok
celebrity-0497,True,ok
celebrity-0498,True,ok
celebrity-0499,True,ok
celebrity-0500,True,ok
celebrity-0501,True,ok
celebrity-0502,True,ok
celebrity-0503,True,ok
celebrity-0504,True,ok
celebrity-0505,True,ok
celebrity-0506,True,ok
celebrity-0507,True,ok
celebrity-0508,True,ok
celebrity-0509,True,ok
celebrity-0510,True,ok
celebrity-0511,True,ok
celebrity-0512,True,ok
celebrity-0513,True,ok
celebrity-0514,True,ok
celebrity-0515,True,ok
celebrity-0516,True,ok
celebrity-0517,True,ok
celebrity-0518,True,ok
celebrity-0519,True,ok
celebrity-0520,True,ok
celebrity-0521,True,ok
celebrity-0522,True,ok
celebrity-0523,True,ok
celebrity-0524,True,ok
celebrity-0525,True,ok
celebrity-0526,True,ok
celebrity-0527,True,ok
celebrity-0528,True,ok
celebrity-0529,True,ok
celebrity-0530,True,ok
celebrity-0531,True,ok
celebrity-0532,True,ok
celebrity-0533,True,ok
celebrity-0534,True,ok
celebrity-0535,True,ok
celebrity-0536,True,ok
celebrity-0537,True,ok
celebrity-0538,True,ok
celebrity-0539,True,ok
celebrity-0540,True,ok
celebrity-0541,True,ok
celebrity-0542,True,ok
celebrity-0543,True,ok
celebrity-0544,True,ok
celebrity-0545,True,ok
